,City,Country,Date,Latitude,Longitude,Cloudiness (%),Humidity (%),Max Temp (F),Wind Speed (mph)
0,takoradi,GH,2020-11-28 12:12:28,4.88,-1.76,23,83,79.592,2.83
1,ghaziabad,IN,2020-11-28 12:12:28,28.67,77.43,15,71,55.66999999999996,1.28
2,afmadu,,,,,,,,
3,albany,US,2020-11-28 12:12:28,42.6,-73.97,65,59,48.272000000000034,0.89
4,dharmanagar,IN,2020-11-28 12:10:23,24.37,92.17,0,91,60.69199999999999,0.73
5,lolua,,,,,,,,
6,umm lajj,SA,2020-11-28 12:12:29,25.02,37.27,0,48,73.38200000000002,4.43
7,arraial do cabo,BR,2020-11-28 12:12:29,-22.97,-42.03,0,69,80.86999999999996,10.8
8,kizlyar,RU,2020-11-28 12:12:29,43.85,46.72,14,83,46.219999999999956,5.26
9,riyadh,SA,2020-11-28 12:07:46,24.69,46.72,40,72,66.46999999999997,1.5
10,singkang,MY,2020-11-28 12:12:30,2.1,102.8,20,88,77.26999999999995,1.5
11,torbay,CA,2020-11-28 12:12:30,47.67,-52.73,90,100,55.274000000000015,6.7
12,east london,ZA,2020-11-28 12:12:30,-33.02,27.91,14,78,68.45,7.02
13,kruisfontein,ZA,2020-11-28 12:12:30,-34,24.73,79,94,61.26799999999999,0.45
14,cacador,BR,2020-11-28 12:12:31,-26.78,-51.02,18,44,83.642,0.93
15,vila velha,BR,2020-11-28 12:11:52,-20.33,-40.29,75,88,77.26999999999995,5.1
16,rikitea,PF,2020-11-28 12:12:31,-23.12,-134.97,100,81,76.87400000000002,6.03
17,sentyabrskiy,,,,,,,,
18,poum,NC,2020-11-28 12:12:31,-20.23,164.02,2,77,75.72200000000004,7.25
19,bredasdorp,ZA,2020-11-28 12:12:32,-34.53,20.04,0,82,57.469999999999956,0.5
20,ancud,CL,2020-11-28 12:12:32,-41.87,-73.82,75,62,56.26400000000004,3.6
21,mount gambier,AU,2020-11-28 12:12:32,-37.83,140.77,40,93,53.86999999999996,4.1
22,cherskiy,RU,2020-11-28 12:12:32,68.75,161.3,99,93,0.30199999999997473,1.52
23,qaanaaq,GL,2020-11-28 12:12:32,77.48,-69.36,100,86,2.1199999999999584,3.01
24,saint-philippe,RE,2020-11-28 12:12:32,-21.36,55.77,0,73,73.66999999999996,1.5
25,jumla,NP,2020-11-28 12:12:33,29.27,82.18,40,44,43.73599999999997,2.33
26,tynda,RU,2020-11-28 12:12:33,55.17,124.72,100,88,-4.575999999999986,1.64
27,hermanus,ZA,2020-11-28 12:12:33,-34.42,19.23,0,81,59.26999999999996,3.8
28,angoche,MZ,2020-11-28 12:12:33,-16.23,39.91,25,85,79.55600000000004,2.97
29,mar del plata,AR,2020-11-28 12:12:33,-38,-57.56,40,73,77.26999999999995,5.1
30,lagoa,PT,2020-11-28 12:12:34,39.05,-27.98,78,69,56.87599999999999,12.52
31,makakilo city,US,2020-11-28 12:12:34,21.35,-158.09,1,57,79.06999999999996,2.1
32,puerto ayora,EC,2020-11-28 12:12:34,-0.74,-90.35,75,73,77.26999999999995,7.7
33,high prairie,CA,2020-11-28 12:12:34,55.43,-116.49,0,79,28.66999999999996,5.1
34,jamestown,US,2020-11-28 12:10:41,42.1,-79.24,40,64,40.26199999999996,5.1
35,kodiak,US,2020-11-28 12:12:35,57.79,-152.41,1,83,32.26999999999996,1.8
36,taolanaro,,,,,,,,
37,ushuaia,AR,2020-11-28 12:12:35,-54.8,-68.3,40,49,48.469999999999956,1.5
38,longyearbyen,SJ,2020-11-28 12:12:35,78.22,15.64,75,73,25.069999999999958,11.8
39,upernavik,GL,2020-11-28 12:12:35,72.79,-56.15,100,71,0.751999999999974,2.72
40,victoria,HK,2020-11-28 12:11:26,22.29,114.16,0,69,66.27200000000005,0.45
41,tiksi,RU,2020-11-28 12:12:36,71.69,128.87,44,91,-1.5700000000000145,4.3
42,kanchanaburi,TH,2020-11-28 12:12:36,14.63,99.1,84,76,70.95199999999997,1.97
43,nanortalik,GL,2020-11-28 12:12:36,60.14,-45.24,100,89,34.358000000000004,5.55
44,port alfred,ZA,2020-11-28 12:09:22,-33.59,26.89,22,84,65.066,4.51
45,yellowknife,CA,2020-11-28 12:12:37,62.46,-114.35,20,75,-5.728000000000016,2.6
46,pisco,PE,2020-11-28 12:09:26,-13.7,-76.22,0,69,73.66999999999996,7.2
47,busselton,AU,2020-11-28 12:09:21,-33.65,115.33,100,95,49.26199999999996,2.55
48,port elizabeth,ZA,2020-11-28 12:12:28,-33.92,25.57,73,93,62.86999999999996,1.5
49,sept-iles,CA,2020-11-28 12:12:37,50.2,-66.38,67,94,34.06999999999996,1.5
50,nome,US,2020-11-28 12:12:38,64.5,-165.41,75,73,21.469999999999956,5.1
51,mahebourg,MU,2020-11-28 12:12:38,-20.41,57.7,75,88,73.66999999999996,2.1
52,stranda,NO,2020-11-28 12:12:38,62.31,6.94,1,78,37.274000000000015,1.79
53,amahai,ID,2020-11-28 12:12:38,-3.33,128.92,67,90,82.27400000000002,1.52
54,punta arenas,CL,2020-11-28 12:12:38,-53.15,-70.92,75,49,48.469999999999956,12.9
55,georgetown,MY,2020-11-28 12:12:39,5.41,100.34,20,94,77.26999999999995,0.89
56,manokwari,ID,2020-11-28 12:12:39,-0.87,134.08,99,80,80.05999999999997,1.71
57,hobart,AU,2020-11-28 12:11:00,-42.88,147.33,75,71,57.469999999999956,6.7
58,dikson,RU,2020-11-28 12:12:39,73.51,80.55,100,98,30.272000000000038,9.87
59,coolum beach,AU,2020-11-28 12:12:39,-26.53,153.1,1,88,68.26999999999995,0.45
60,honningsvag,NO,2020-11-28 12:12:40,70.98,25.97,100,80,37.58000000000004,12.07
61,la union,PE,2020-11-28 12:12:40,-5.4,-80.75,6,44,83.44399999999997,7.35
62,prince rupert,CA,2020-11-28 12:10:56,54.32,-130.32,90,75,43.06999999999996,8.7
63,srandakan,ID,2020-11-28 12:12:40,-7.94,110.25,100,91,76.53200000000001,2.18
64,zhumadian,CN,2020-11-28 12:12:40,32.98,114.03,0,88,36.35600000000003,0.96
65,illoqqortoormiut,,,,,,,,
66,sinkat,,,,,,,,
67,black river,JM,2020-11-28 12:12:41,18.03,-77.85,20,74,84.46999999999997,7.7
68,lorengau,PG,2020-11-28 12:12:41,-2.02,147.27,100,78,82.85,4.13
69,katsuura,JP,2020-11-28 12:12:11,35.13,140.3,75,53,50.26999999999996,5.7
70,las cruces,US,2020-11-28 12:09:24,32.31,-106.78,1,32,54.266000000000005,1.5
71,kavaratti,IN,2020-11-28 12:12:42,10.57,72.64,16,73,82.292,4.04
72,mataura,NZ,2020-11-28 12:12:42,-46.19,168.86,70,69,55.274000000000015,5.81
73,hilo,US,2020-11-28 12:11:00,19.73,-155.09,1,61,79.06999999999996,2.1
74,yarmouth,US,2020-11-28 12:12:13,41.71,-70.23,75,54,53.86999999999996,2.1
75,manaira,BR,2020-11-28 12:12:42,-7.71,-38.15,99,37,84.57799999999997,4.62
76,thinadhoo,MV,2020-11-28 12:12:43,0.53,72.93,100,69,82.59800000000003,3.03
77,ribeira grande,PT,2020-11-28 12:12:43,38.52,-28.7,40,66,55.66999999999996,2.6
78,okhotsk,RU,2020-11-28 12:12:43,59.38,143.3,90,87,6.008000000000003,5.88
79,vaini,TO,2020-11-28 12:12:43,-21.2,-175.2,20,83,79.06999999999996,4.6
80,cape town,ZA,2020-11-28 12:11:49,-33.93,18.42,20,77,64.27400000000002,9.8
81,kisiwani,TZ,2020-11-28 12:12:44,-4.13,37.95,100,85,72.24800000000002,1.88
82,lata,PT,2020-11-28 12:12:44,40.16,-8.33,20,93,54.266000000000005,3.1
83,alice springs,AU,2020-11-28 12:12:44,-23.7,133.88,41,27,88.06999999999996,4.1
84,kapaa,US,2020-11-28 12:10:47,22.08,-159.32,90,64,75.46999999999997,3.6
85,asau,RO,2020-11-28 12:12:44,46.43,26.4,100,97,34.26799999999999,1.21
86,aklavik,CA,2020-11-28 12:12:45,68.22,-135.01,100,84,3.46999999999996,2.16
87,cidreira,BR,2020-11-28 12:12:45,-30.18,-50.21,87,85,74.37200000000004,8.94
88,kahului,US,2020-11-28 12:12:45,20.89,-156.47,40,73,75.46999999999997,7.7
89,atuona,PF,2020-11-28 12:12:45,-9.8,-139.03,12,76,78.87200000000004,7.35
90,north bend,US,2020-11-28 12:12:45,43.41,-124.22,1,75,50.26999999999996,1.5
91,coruripe,BR,2020-11-28 12:12:46,-10.13,-36.18,26,69,79.62799999999996,5.19
92,saint anthony,US,2020-11-28 12:12:46,45.02,-93.22,1,39,51.27799999999996,3.6
93,bonnyville,CA,2020-11-28 12:12:46,54.27,-110.73,20,68,25.069999999999958,8.2
94,khatanga,RU,2020-11-28 12:12:46,71.97,102.5,100,96,12.722000000000037,8.35
95,saskylakh,RU,2020-11-28 12:12:46,71.92,114.08,78,93,10.04000000000002,5.49
96,warqla,,,,,,,,
97,aswan,EG,2020-11-28 12:12:47,24.09,32.91,0,40,61.15999999999998,3.99
98,souillac,MU,2020-11-28 12:12:47,-20.52,57.52,75,88,73.66999999999996,2.1
99,tuktoyaktuk,CA,2020-11-28 12:12:47,69.45,-133.04,90,84,7.069999999999958,4.1
100,chapais,CA,2020-11-28 12:12:47,49.78,-74.85,90,86,30.46999999999996,4.1
101,necochea,AR,2020-11-28 12:12:48,-38.55,-58.74,100,67,75.27200000000005,5.09
102,shkotovo-22,,,,,,,,
103,russkaya polyana,UA,2020-11-28 12:12:48,49.42,31.92,100,92,38.461999999999954,1.18
104,bengkulu,ID,2020-11-28 12:12:18,-3.8,102.27,93,89,73.45399999999995,2.26
105,belushya guba,,,,,,,,
106,acarau,BR,2020-11-28 12:12:48,-2.89,-40.12,92,67,82.74199999999999,9.15
107,salalah,OM,2020-11-28 12:12:49,17.02,54.09,75,61,79.06999999999996,2.1
108,moron,AR,2020-11-28 12:10:58,-34.65,-58.62,0,57,75.46999999999997,4.1
109,butaritari,KI,2020-11-28 12:12:49,3.07,172.79,8,82,82.20199999999997,7.91
110,krivogastani,MK,2020-11-28 12:12:49,41.34,21.33,100,60,43.84399999999997,0.48
111,isangel,VU,2020-11-28 12:12:49,-19.55,169.27,29,73,75.77599999999998,4.69
112,klaksvik,FO,2020-11-28 12:12:50,62.23,-6.59,90,93,39.469999999999956,6.64
113,kushima,JP,2020-11-28 12:10:23,31.46,131.23,73,66,48.77599999999999,2.95
114,gangapur,IN,2020-11-28 12:12:50,26.48,76.72,0,47,56.67799999999997,1.15
115,port blair,IN,2020-11-28 12:12:50,11.67,92.75,100,79,80.834,6.35
116,maragogi,BR,2020-11-28 12:12:51,-9.01,-35.22,88,72,78.89000000000001,4.41
117,nianzishan,CN,2020-11-28 12:12:51,47.52,122.88,0,83,9.535999999999966,2.48
118,khandyga,RU,2020-11-28 12:12:51,62.67,135.6,0,84,-26.463999999999984,0.45
119,carutapera,BR,2020-11-28 12:12:51,-1.2,-46.02,24,73,83.174,3.6
120,san ramon,US,2020-11-28 12:12:51,37.78,-121.98,1,31,62.27599999999999,2.6
121,mys shmidta,,,,,,,,
122,kavieng,PG,2020-11-28 12:12:52,-2.57,150.8,85,80,83.03000000000004,5.18
123,iqaluit,CA,2020-11-28 12:12:52,63.75,-68.51,75,78,10.669999999999959,10.3
124,harper,LR,2020-11-28 12:12:52,4.38,-7.72,10,82,79.68200000000002,2.55
125,attawapiskat,,,,,,,,
126,gilgit,PK,2020-11-28 12:12:53,35.92,74.31,0,57,35.52799999999996,1.44
127,norman wells,CA,2020-11-28 12:11:21,65.28,-126.83,75,75,-19.929999999999993,1.5
128,pontianak,ID,2020-11-28 12:12:53,-0.03,109.33,100,87,76.62200000000004,0.67
129,lodja,CD,2020-11-28 12:12:53,-3.48,23.43,25,97,69.00800000000001,0.44
130,moose factory,CA,2020-11-28 12:12:53,51.26,-80.61,90,74,30.46999999999996,6.2
131,husavik,IS,2020-11-28 12:12:54,66.04,-17.34,90,59,35.86999999999996,6.7
132,renfrew,GB,2020-11-28 12:12:26,55.87,-4.39,75,93,40.26199999999996,1.5
133,san quintin,MX,2020-11-28 12:12:54,30.48,-115.95,0,29,67.78399999999999,3.92
134,samusu,,,,,,,,
135,malinovskiy,RU,2020-11-28 12:12:54,61.2,62.84,0,96,9.716000000000008,1.01
136,tura,IN,2020-11-28 12:12:55,25.52,90.22,0,66,62.167999999999985,2
137,resistencia,AR,2020-11-28 12:12:55,-27.46,-58.98,40,42,98.86999999999996,5.7
138,vadso,NO,2020-11-28 12:12:55,70.07,29.75,75,92,26.86999999999996,10.3
139,hasaki,JP,2020-11-28 12:09:58,35.73,140.83,75,70,43.06999999999996,1
140,laguna,US,2020-11-28 12:12:55,38.42,-121.42,1,41,60.27799999999996,3.6
141,barrow,US,2020-11-28 12:12:55,71.29,-156.79,90,78,8.869999999999958,2.6
142,vallenar,CL,2020-11-28 12:12:56,-28.57,-70.76,0,23,85.35199999999998,3.94
143,praia da vitoria,PT,2020-11-28 12:12:56,38.73,-27.07,75,76,54.266000000000005,12.29
144,kailua,US,2020-11-28 12:08:34,21.4,-157.74,20,69,79.06999999999996,6.7
145,ilulissat,GL,2020-11-28 12:12:08,69.22,-51.1,20,51,10.669999999999959,4.1
146,dahuk,IQ,2020-11-28 12:12:56,36.87,42.99,100,59,54.23000000000005,1.57
147,ketchikan,US,2020-11-28 12:12:57,55.34,-131.65,90,93,39.469999999999956,12.9
148,barentsburg,,,,,,,,
149,nelson bay,AU,2020-11-28 12:12:57,-32.72,152.15,40,44,80.86999999999996,5.1
150,hofn,IS,2020-11-28 12:12:57,64.25,-15.21,100,75,39.182000000000016,7.06
151,ust-kuyga,RU,2020-11-28 12:12:58,70.02,135.6,100,89,-9.148000000000025,2.92
152,alofi,NU,2020-11-28 12:12:58,-19.06,-169.92,100,94,77.26999999999995,2.1
153,nikolskoye,RU,2020-11-28 12:12:58,59.7,30.79,90,95,32.26999999999996,5
154,acapulco,MX,2020-11-28 12:12:52,16.86,-99.89,75,70,86.26999999999995,3.1
155,berlevag,NO,2020-11-28 12:12:58,70.86,29.09,0,79,25.069999999999958,10.3
156,lebu,CL,2020-11-28 12:10:44,-37.62,-73.65,100,88,59.432000000000016,3.32
157,saint-georges,GD,2020-11-28 12:12:59,12.06,-61.75,20,79,84.46999999999997,7.7
158,chokurdakh,RU,2020-11-28 12:12:59,70.63,147.92,100,92,-6.10599999999998,2.97
159,sobolevo,RU,2020-11-28 12:12:59,54.43,31.9,79,98,29.84000000000002,4.45
160,chuy,UY,2020-11-28 12:13:00,-33.7,-53.46,49,78,76.71199999999996,6.4
161,kannad,IN,2020-11-28 12:13:00,20.27,75.13,90,57,71.18599999999998,2.61
162,hovd,MN,2020-11-28 12:13:00,48.01,91.64,8,93,9.788000000000043,0.09
163,provideniya,RU,2020-11-28 12:13:00,64.38,-173.3,89,90,16.79000000000002,5.92
164,faanui,PF,2020-11-28 12:13:01,-16.48,-151.75,3,76,81.14000000000001,3.01
165,fortuna,US,2020-11-28 12:13:01,40.6,-124.16,95,82,55.274000000000015,0.89
166,eregli,TR,2020-11-28 12:11:20,37.51,34.05,0,70,38.08399999999999,0.9
167,avarua,CK,2020-11-28 12:08:25,-21.21,-159.78,51,88,80.86999999999996,5.1
168,kyshtovka,RU,2020-11-28 12:13:01,56.55,76.63,6,94,5.4140000000000335,2.37
169,guerrero negro,MX,2020-11-28 12:13:02,27.98,-114.06,30,23,71.40199999999999,2.32
170,savannah bight,HN,2020-11-28 12:13:02,16.45,-85.85,40,58,86.26999999999995,2.6
171,lappeenranta,FI,2020-11-28 12:13:02,61.06,28.19,90,95,33.27799999999996,3.6
172,port-gentil,GA,2020-11-28 12:13:02,-0.72,8.78,20,83,80.86999999999996,3.1
173,pangody,RU,2020-11-28 12:13:02,65.85,74.49,0,92,-1.8940000000000268,4.26
174,neuquen,AR,2020-11-28 12:13:03,-38.95,-68.06,0,20,88.06999999999996,2.1
175,carnarvon,AU,2020-11-28 12:13:03,-24.87,113.63,12,88,68.26999999999995,6.2
176,dunedin,NZ,2020-11-28 12:13:03,-45.87,170.5,66,70,55.274000000000015,8.94
177,thompson,CA,2020-11-28 12:13:03,55.74,-97.86,90,92,16.069999999999958,2.06
178,oriximina,BR,2020-11-28 12:13:03,-1.77,-55.87,47,55,89.99600000000005,2.76
179,sitka,US,2020-11-28 12:13:04,57.05,-135.33,90,86,39.469999999999956,12.9
180,clyde river,CA,2020-11-28 12:13:04,70.47,-68.59,75,83,-5.529999999999994,8.7
181,rocha,UY,2020-11-28 12:08:26,-34.48,-54.33,70,70,79.39399999999998,5.3
182,plettenberg bay,ZA,2020-11-28 12:13:04,-34.05,23.37,80,83,62.38399999999999,2.27
183,ucluelet,CA,2020-11-28 12:13:04,48.93,-125.55,5,87,46.274000000000015,0.87
184,mantua,IT,2020-11-28 12:13:05,45.17,10.78,97,97,45.266000000000005,1.34
185,kouango,CF,2020-11-28 12:13:05,4.99,19.96,54,40,76.78399999999999,0.95
186,elliot,ZA,2020-11-28 12:13:05,-31.33,27.85,99,93,54.248000000000026,2.15
187,mount isa,AU,2020-11-28 12:13:05,-20.73,139.5,0,47,75.46999999999997,1.5
188,saleaula,,,,,,,,
189,fairbanks,US,2020-11-28 12:10:57,64.84,-147.72,40,84,-0.12999999999998835,2.1
190,new norfolk,AU,2020-11-28 12:13:06,-42.78,147.06,100,72,55.274000000000015,1.36
191,bone,DE,2020-11-28 12:13:06,51.97,12.14,100,85,37.274000000000015,1.96
192,qaqortoq,GL,2020-11-28 12:13:06,60.72,-46.03,75,80,34.06999999999996,5.1
193,kabalo,CD,2020-11-28 12:13:06,-6.05,26.92,99,96,70.66400000000004,1.94
194,dehloran,IR,2020-11-28 12:13:07,32.69,47.27,100,75,62.13200000000002,6.21
195,outlook,CA,2020-11-28 12:13:07,51.5,-107.05,100,85,27.26600000000001,6.2
196,marsh harbour,BS,2020-11-28 12:13:07,26.54,-77.06,31,65,75.61400000000003,2.93
197,emilio carranza,MX,2020-11-28 12:12:49,19.97,-96.61,68,75,80.69000000000003,3.52
198,fukue,JP,2020-11-28 12:13:07,32.69,128.84,76,65,51.403999999999954,7.3
199,ballina,AU,2020-11-28 12:13:08,-28.87,153.57,0,88,68.26999999999995,3.6
200,comodoro rivadavia,AR,2020-11-28 12:10:00,-45.87,-67.5,40,24,66.46999999999997,10.8
201,road town,VG,2020-11-28 12:12:18,18.42,-64.62,20,66,84.46999999999997,1
202,dukat,RU,2020-11-28 12:13:08,62.55,155.55,96,89,-13.88200000000002,1.67
203,pangnirtung,CA,2020-11-28 12:13:08,66.15,-65.71,90,67,21.469999999999956,1.69
204,bethel,US,2020-11-28 12:13:09,41.37,-73.41,41,76,48.272000000000034,0.45
205,mujiayingzi,CN,2020-11-28 12:13:09,42.12,118.78,85,86,7.088000000000044,2.62
206,burns lake,CA,2020-11-28 12:13:09,54.23,-125.75,98,92,14.269999999999957,1.86
207,mandera,KE,2020-11-28 12:13:09,3.94,41.87,96,38,89.56400000000004,3.75
208,humaita,BR,2020-11-28 12:13:10,-7.51,-63.02,99,47,93.57799999999997,1.1
209,rungata,,,,,,,,
210,colares,PT,2020-11-28 12:13:10,38.8,-9.45,20,76,60.27799999999996,2.6
211,tasiilaq,GL,2020-11-28 12:13:10,65.61,-37.64,20,52,19.66999999999996,8.2
212,kiama,AU,2020-11-28 12:13:10,-34.68,150.87,100,46,86.26999999999995,3.13
213,kropotkin,RU,2020-11-28 12:13:10,45.44,40.58,0,73,38.55199999999998,3.64
214,deleni,RO,2020-11-28 12:13:11,47.47,26.88,75,95,33.27799999999996,3.1
215,ostrovnoy,RU,2020-11-28 12:13:11,68.05,39.51,34,95,30.52400000000001,12.53
216,hami,CN,2020-11-28 12:13:11,42.8,93.45,66,78,24.908000000000005,2.86
217,tsihombe,,,,,,,,
218,sisimiut,GL,2020-11-28 12:13:11,66.94,-53.67,100,86,20.282000000000018,5.16
219,coari,BR,2020-11-28 12:10:53,-4.08,-63.14,100,67,87.53000000000004,1.39
220,kaitangata,NZ,2020-11-28 12:13:12,-46.28,169.85,89,60,58.26199999999996,4.92
221,aksarka,RU,2020-11-28 12:13:12,66.56,67.8,100,94,8.761999999999954,5.28
222,mersing,MY,2020-11-28 12:13:12,2.43,103.84,100,94,75.46999999999997,2.6
223,pasni,PK,2020-11-28 12:13:12,25.26,63.47,0,48,73.292,3.7
224,amderma,,,,,,,,
225,houma,US,2020-11-28 12:08:29,29.6,-90.72,75,93,67.26199999999996,2.1
226,castro,BR,2020-11-28 12:13:13,-24.79,-50.01,57,81,70.808,4.85
227,nizhneyansk,,,,,,,,
228,ponta do sol,PT,2020-11-28 12:13:14,32.67,-17.1,40,63,61.069999999999965,2.6
229,sinnamary,GF,2020-11-28 12:13:15,5.38,-52.95,98,76,82.65199999999999,3.89
230,college,US,2020-11-28 12:13:15,64.86,-147.8,40,84,-0.12999999999998835,2.1
231,nemuro,JP,2020-11-28 12:13:15,43.32,145.57,22,84,34.44800000000002,5.31
232,saint george,US,2020-11-28 12:13:15,37.1,-113.58,1,26,52.26799999999999,0.28
233,pemberton,CA,2020-11-28 12:13:15,50.32,-122.8,40,86,43.26799999999999,0.38
234,hobyo,SO,2020-11-28 12:13:16,5.35,48.53,1,77,80.09600000000006,7.22
235,cabo san lucas,MX,2020-11-28 12:11:28,22.89,-109.91,75,78,80.27599999999998,2.1
236,anori,BR,2020-11-28 12:13:16,-3.77,-61.64,96,60,89.29399999999998,1.54
237,sterling,US,2020-11-28 12:09:57,39.01,-77.43,20,38,59.26999999999996,6.2
238,pangai,TO,2020-11-28 12:13:16,-19.8,-174.35,100,88,77.46799999999999,7.62
239,marcona,,,,,,,,
240,urucui,BR,2020-11-28 12:13:17,-7.23,-44.56,100,51,88.358,2.31
241,severo-kurilsk,RU,2020-11-28 12:13:17,50.68,156.12,100,91,26.456000000000028,3.18
242,emporia,US,2020-11-28 12:10:38,38.4,-96.18,1,30,57.469999999999956,5.1
243,port lincoln,AU,2020-11-28 12:13:17,-34.73,135.87,51,71,57.2,5.28
244,bluff,NZ,2020-11-28 12:13:18,-46.6,168.33,89,69,55.274000000000015,5.81
245,ngukurr,,,,,,,,
246,la ronge,CA,2020-11-28 12:13:18,55.1,-105.28,100,72,17.86999999999996,5.1
247,charyshskoye,RU,2020-11-28 12:13:18,51.4,83.56,100,88,26.167999999999985,1.38
248,adrar,MR,2020-11-28 12:13:18,20.5,-10.07,99,33,66.25399999999996,3.15
249,mouila,GA,2020-11-28 12:13:19,-1.87,11.06,95,91,75.70399999999995,0.46
250,nuuk,GL,2020-11-28 12:13:19,64.18,-51.72,75,74,28.66999999999996,2.1
251,canico,PT,2020-11-28 12:13:19,32.63,-16.85,40,63,61.069999999999965,2.6
252,taburi,,,,,,,,
253,bozdar,PK,2020-11-28 12:13:19,27.18,68.64,0,82,57.469999999999956,1.76
254,rio gallegos,AR,2020-11-28 12:10:58,-51.62,-69.22,40,22,53.86999999999996,14.9
255,aba,NG,2020-11-28 12:13:20,5.11,7.37,40,94,77.26999999999995,2.06
256,allapalli,IN,2020-11-28 12:13:20,19.42,80.07,99,60,72.19399999999997,1.11
257,casper,US,2020-11-28 12:12:59,42.87,-106.31,1,26,44.86999999999996,12.9
258,voi,KE,2020-11-28 12:13:21,-3.39,38.56,100,84,73.88599999999997,2
259,brae,GB,2020-11-28 12:13:22,60.4,-1.35,88,93,46.66999999999996,3.1
260,bumba,CD,2020-11-28 12:13:22,2.18,22.47,100,89,73.50800000000001,1.21
261,olafsvik,IS,2020-11-28 12:13:22,64.89,-23.71,100,87,36.535999999999966,5.47
262,tera,NE,2020-11-28 12:13:22,14.01,0.75,0,29,84.59600000000006,2.48
263,puerto gaitan,CO,2020-11-28 12:13:22,4.31,-72.08,93,72,83.37200000000004,5.24
264,champerico,GT,2020-11-28 12:13:23,14.3,-91.92,40,59,89.86999999999996,5.1
265,lompoc,US,2020-11-28 12:13:23,34.64,-120.46,1,20,66.46999999999997,2.61
266,maarianhamina,AX,2020-11-28 12:09:13,60.1,19.93,90,80,34.06999999999996,1
267,akot,IN,2020-11-28 12:13:23,21.1,77.06,29,55,69.92599999999999,2.98
268,faya,SA,2020-11-28 12:13:23,18.39,42.45,0,87,61.069999999999965,2.27
269,shar,KZ,2020-11-28 12:13:24,49.59,81.05,100,94,25.358000000000004,4.63
270,bubaque,GW,2020-11-28 12:13:24,11.28,-15.83,25,57,83.48000000000005,5.38
271,toliary,,,,,,,,
272,maassluis,NL,2020-11-28 12:13:24,51.92,4.25,90,93,40.26199999999996,6.2
273,dwarka,IN,2020-11-28 12:13:24,22.24,68.97,0,46,75.542,6.84
274,havelock,US,2020-11-28 12:13:03,34.88,-76.9,1,72,66.27200000000005,3.1
275,manzhouli,CN,2020-11-28 12:13:25,49.6,117.43,0,87,0.1580000000000048,2.37
276,esperance,AU,2020-11-28 12:13:25,-33.87,121.9,42,87,48.469999999999956,3.1
277,bathsheba,BB,2020-11-28 12:13:25,13.22,-59.52,40,83,80.86999999999996,6.7
278,bandarbeyla,SO,2020-11-28 12:13:25,9.49,50.81,4,77,76.78399999999999,7.18
279,traiguen,CL,2020-11-28 12:13:25,-38.25,-72.68,100,60,67.334,5.12
280,romny,UA,2020-11-28 12:13:26,50.75,33.47,100,93,37.09399999999997,1.9
281,port hardy,CA,2020-11-28 12:13:26,50.7,-127.42,40,81,44.86999999999996,2.6
282,mulege,MX,2020-11-28 12:13:26,26.88,-111.98,5,34,72.62599999999999,7.77
283,laranjeiras do sul,BR,2020-11-28 12:12:33,-25.41,-52.42,31,49,83.69600000000005,1.46
284,luis correia,BR,2020-11-28 12:13:27,-2.88,-41.67,34,71,83.49800000000002,5.16
285,buariki,,,,,,,,
286,atar,MR,2020-11-28 12:13:27,20.52,-13.05,100,35,69.02599999999998,3.74
287,mutsamudu,,,,,,,,
288,chiman,PK,2020-11-28 12:13:27,32.55,73.81,20,76,55.66999999999996,1.77
289,egvekinot,RU,2020-11-28 12:13:28,66.32,-179.17,55,91,9.211999999999954,5.58
290,hithadhoo,MV,2020-11-28 12:13:28,-0.6,73.08,59,73,82.00399999999996,3.86
291,luderitz,NA,2020-11-28 12:13:28,-26.65,15.16,0,64,68.26999999999995,10.8
292,union,US,2020-11-28 12:13:28,40.63,-74.27,40,43,57.272000000000034,6.2
293,polunochnoye,RU,2020-11-28 12:13:28,60.87,60.42,0,95,8.258000000000003,1.08
294,fort saint john,,,,,,,,
295,kodinsk,RU,2020-11-28 12:13:29,58.69,99.18,99,92,6.619999999999958,1.06
296,saldanha,ZA,2020-11-28 12:13:29,-33.01,17.94,0,77,61.069999999999965,7.2
297,bure,ET,2020-11-28 12:13:29,10.7,37.07,64,64,61.46600000000001,2.68
298,porto novo,BJ,2020-11-28 12:12:16,6.5,2.6,40,83,82.66999999999996,4.6
299,nioro,GM,2020-11-28 12:13:30,13.35,-15.75,61,19,79.826,2.37
300,jalu,LY,2020-11-28 12:13:30,29.03,21.55,100,50,61.10600000000003,4.79
301,codrington,AU,2020-11-28 12:13:30,-38.27,141.97,82,86,54.859999999999985,5.8
302,yanam,IN,2020-11-28 12:13:30,16.73,82.22,18,78,75.91999999999996,3.32
303,grimari,,,,,,,,
304,anju,KP,2020-11-28 12:13:30,39.62,125.66,0,79,25.538000000000046,0.29
305,eyl,SO,2020-11-28 12:13:31,7.98,49.82,0,74,77.12599999999999,8.22
306,srednekolymsk,RU,2020-11-28 12:13:31,67.45,153.68,90,92,-4.612000000000009,2.06
307,pokhara,NP,2020-11-28 12:13:31,28.23,83.98,0,35,58.55,1.76
308,narsaq,GL,2020-11-28 12:13:31,60.92,-46.05,75,80,34.06999999999996,5.1
309,carnot,CF,2020-11-28 12:13:32,4.94,15.87,91,40,76.58599999999997,0.68
310,barawe,,,,,,,,
311,lhokseumawe,ID,2020-11-28 12:13:32,5.18,97.15,100,85,77.21600000000001,1.18
312,weinfelden,CH,2020-11-28 12:13:32,47.57,9.1,56,93,35.27599999999999,0.45
313,tselinnoye,RU,2020-11-28 12:12:51,53.08,85.67,44,91,11.840000000000021,2.02
314,alta floresta,BR,2020-11-28 12:13:33,-9.88,-56.09,70,53,88.64600000000004,1.66
315,trinidad,BO,2020-11-28 12:13:33,-14.83,-64.9,20,74,84.46999999999997,3.1
316,westport,US,2020-11-28 12:09:55,41.14,-73.36,90,50,55.66999999999996,3.6
317,yulara,AU,2020-11-28 12:13:33,-25.24,130.99,0,39,82.66999999999996,4.6
318,dunkirk,FR,2020-11-28 12:13:33,51.05,2.37,0,94,46.274000000000015,4.92
319,the valley,AI,2020-11-28 12:13:33,18.22,-63.06,20,69,88.06999999999996,3.1
320,pignon,HT,2020-11-28 12:13:34,19.33,-72.12,40,69,80.86999999999996,5.1
321,sao filipe,CV,2020-11-28 12:11:14,14.9,-24.5,100,71,75.68599999999998,4.18
322,lat yao,TH,2020-11-28 12:13:34,15.75,99.79,84,67,77.26999999999995,1.85
323,phangnga,TH,2020-11-28 12:13:34,8.45,98.53,20,88,80.27599999999998,1.5
324,geraldton,AU,2020-11-28 12:13:34,-28.77,114.6,45,76,55.66999999999996,4.1
325,pastos bons,BR,2020-11-28 12:13:35,-6.6,-44.08,100,65,84.00199999999998,1.63
326,leningradskiy,RU,2020-11-28 12:13:35,69.38,178.42,100,93,16.088000000000044,3.78
327,louisbourg,,,,,,,,
328,mogadishu,SO,2020-11-28 12:13:35,2.04,45.34,0,68,80.56400000000004,7.08
329,nguruka,TZ,2020-11-28 12:13:35,-5.11,31.04,64,89,68.234,2.14
330,kaniama,CD,2020-11-28 12:13:36,-7.57,24.18,100,96,67.892,0.86
331,banyumas,ID,2020-11-28 12:13:36,-7.51,109.29,100,93,65.26400000000004,1.7
332,grand gaube,MU,2020-11-28 12:13:36,-20.01,57.66,10,82,71.27599999999998,3.13
333,khromtau,KZ,2020-11-28 12:13:36,50.25,58.43,36,95,13.190000000000019,0.71
334,san cristobal,VE,2020-11-28 12:13:36,7.77,-72.22,40,66,86.26999999999995,4.6
335,baie-saint-paul,CA,2020-11-28 12:13:05,47.44,-70.5,98,80,38.26400000000003,1.5
336,honavar,IN,2020-11-28 12:13:37,14.28,74.45,6,77,74.49800000000002,2.38
337,coihaique,CL,2020-11-28 12:13:37,-45.58,-72.07,75,57,48.469999999999956,6.2
338,grindavik,IS,2020-11-28 12:13:37,63.84,-22.43,75,93,35.86999999999996,5.7
339,pevek,RU,2020-11-28 12:13:37,69.7,170.31,100,97,13.532000000000014,1.93
340,rawson,AR,2020-11-28 12:12:49,-43.3,-65.1,84,54,56.78599999999997,3.96
341,bhadohi,IN,2020-11-28 12:13:38,25.42,82.57,15,44,63.40999999999998,1.68
342,linares,CL,2020-11-28 12:13:38,-35.85,-71.6,0,16,85.1,3.17
343,saint-francois,FR,2020-11-28 12:13:38,46.42,3.91,0,81,39.469999999999956,2.1
344,terrace bay,CA,2020-11-28 12:13:38,48.78,-87.1,75,80,35.86999999999996,2.1
345,kadykchan,,,,,,,,
346,mudu,CN,2020-11-28 12:13:06,31.25,120.51,78,87,43.26799999999999,3.51
347,laje,BR,2020-11-28 12:13:39,-10.18,-40.97,99,56,78.38599999999997,5.9
348,kalmunai,LK,2020-11-28 12:13:39,7.42,81.82,92,82,78.458,1.19
349,rabo de peixe,PT,2020-11-28 12:13:39,37.8,-25.58,20,71,52.069999999999965,8.2
350,bairiki,KI,2020-11-28 12:13:40,1.33,172.98,75,88,80.86999999999996,5.7
351,grandview,US,2020-11-28 12:13:40,38.89,-94.53,1,37,57.272000000000034,5.1
352,nalut,LY,2020-11-28 12:13:40,30.33,10.85,0,36,58.17200000000004,5.54
353,luanda,AO,2020-11-28 12:09:54,-8.84,13.23,75,78,80.86999999999996,3.1
354,agboville,CI,2020-11-28 12:13:40,5.93,-4.21,99,94,75.74000000000002,1.2
355,broken hill,AU,2020-11-28 12:13:41,-31.95,141.43,52,60,70.06999999999996,10.3
356,bonavista,CA,2020-11-28 12:13:41,48.65,-53.11,100,93,53.27599999999999,1.5
357,esik,KZ,2020-11-28 12:13:41,43.36,77.45,90,87,32.26999999999996,2
358,sakakah,SA,2020-11-28 12:13:41,29.97,40.21,1,75,53.86999999999996,2.61
359,korfovskiy,RU,2020-11-28 12:13:41,48.22,135.06,0,71,8.869999999999958,7
360,naenwa,,,,,,,,
361,onega,RU,2020-11-28 12:13:42,63.91,38.14,30,96,18.877999999999965,3.81
362,cardston,CA,2020-11-28 12:12:43,49.2,-113.3,0,55,39.469999999999956,5.7
363,hubli,IN,2020-11-28 12:13:42,15.35,75.17,3,96,65.76799999999999,4.25
364,dafeng,CN,2020-11-28 12:13:42,23.45,108.59,8,59,50.108000000000004,2.24
365,bintulu,MY,2020-11-28 12:13:43,3.17,113.03,40,94,77.26999999999995,2.1
366,kloulklubed,PW,2020-11-28 12:13:43,7.04,134.26,75,88,77.26999999999995,4.56
367,marzuq,YE,2020-11-28 12:13:43,14.4,46.47,4,84,63.55399999999995,2.14
368,bambous virieux,MU,2020-11-28 12:13:43,-20.34,57.76,75,88,73.66999999999996,2.1
369,urumqi,CN,2020-11-28 12:12:12,43.8,87.6,90,79,26.86999999999996,6
370,sioux lookout,CA,2020-11-28 12:13:44,50.1,-91.92,90,94,32.26999999999996,2.1
371,aden,YE,2020-11-28 12:11:44,12.78,45.04,0,73,79.95199999999997,6.89
372,lasa,IT,2020-11-28 12:13:44,46.62,10.7,5,74,34.26799999999999,0.54
373,soure,BR,2020-11-28 12:13:44,-0.72,-48.52,100,77,82.88599999999997,4.85
374,belaya gora,RU,2020-11-28 12:13:44,68.53,146.42,100,90,-11.77599999999999,1.74
375,richard toll,,,,,,,,
376,gornyak,RU,2020-11-28 12:13:45,50.99,81.47,100,97,30.091999999999995,5.61
377,ulety,RU,2020-11-28 12:13:45,51.36,112.48,95,92,6.422000000000036,2.07
378,amapa,BR,2020-11-28 12:13:45,1,-52,100,90,80.924,1.2
379,elizabeth city,US,2020-11-28 12:13:45,36.29,-76.25,1,82,63.266000000000005,6.2
380,guichicovi,,,,,,,,
381,mapiri,BO,2020-11-28 12:13:46,-15.25,-68.17,99,63,83.10199999999998,0.6
382,canton,CN,2020-11-28 12:11:51,23.12,113.25,75,67,62.27599999999999,7
383,bilibino,RU,2020-11-28 12:13:46,68.05,166.44,100,91,0.6080000000000041,1.16
384,dianopolis,,,,,,,,
385,canon city,US,2020-11-28 12:13:47,38.44,-105.24,1,13,55.66999999999996,1.16
386,wanxian,CN,2020-11-28 12:13:47,30.8,108.39,20,81,46.63399999999999,0.93
387,airai,TL,2020-11-28 12:13:47,-8.93,125.41,100,99,62.76199999999996,0.49
388,formoso do araguaia,,,,,,,,
389,onzaga,CO,2020-11-28 12:13:48,6.34,-72.82,80,71,68.12599999999999,0.43
390,yenagoa,NG,2020-11-28 12:13:48,4.92,6.26,2,90,76.85600000000002,1.88
391,meulaboh,ID,2020-11-28 12:13:18,4.14,96.13,83,87,75.308,2.09
392,sorong,ID,2020-11-28 12:13:48,-0.88,131.25,98,85,79.30399999999995,1.53
393,olga,RU,2020-11-28 12:13:48,43.74,135.29,0,88,15.025999999999986,2.78
394,jinchang,CN,2020-11-28 12:13:49,38.5,102.17,8,82,23.324000000000012,1.48
395,virginia beach,US,2020-11-28 12:10:36,36.85,-75.98,45,56,62.27599999999999,0.89
396,lagunillas,VE,2020-11-28 12:13:49,10.13,-71.26,100,79,81.82400000000001,1.46
397,ayorou,NE,2020-11-28 12:13:49,14.73,0.92,0,23,84.95600000000003,3.2
398,tsumeb,NA,2020-11-28 12:13:49,-19.23,17.72,95,77,70.75399999999996,3.2
399,kudahuvadhoo,MV,2020-11-28 12:13:50,2.67,72.89,79,67,83.11999999999996,2.76
400,dir,PK,2020-11-28 12:13:50,35.21,71.88,0,45,46.291999999999994,4.75
401,gorontalo,ID,2020-11-28 12:13:50,0.54,123.06,100,85,76.24399999999997,1.19
402,amarkantak,IN,2020-11-28 12:13:50,22.67,81.75,0,67,54.62599999999999,1.09
403,vanimo,PG,2020-11-28 12:13:50,-2.67,141.3,98,84,78.49399999999997,2.92
404,inhambane,MZ,2020-11-28 12:13:51,-23.86,35.38,6,88,75.25399999999996,4.03
405,san patricio,US,2020-11-28 12:13:51,28.02,-97.52,90,100,66.46999999999997,10.3
406,chara,RU,2020-11-28 12:13:51,56.91,118.26,74,79,-6.0160000000000124,0.45
407,shitanjing,CN,2020-11-28 12:13:51,39.23,106.34,0,90,14.414000000000033,2.13
408,aripuana,BR,2020-11-28 12:13:51,-9.17,-60.63,100,46,92.24600000000005,1.2
409,rincon,US,2020-11-28 12:11:39,32.3,-81.24,90,82,61.069999999999965,3.1
410,palana,RU,2020-11-28 12:13:52,59.12,159.97,99,86,10.435999999999968,2.02
411,axim,GH,2020-11-28 12:13:52,4.87,-2.24,25,84,79.142,2.32
412,vardo,NO,2020-11-28 12:13:52,70.37,31.11,0,79,25.069999999999958,10.3
413,manaquiri,BR,2020-11-28 12:13:52,-3.32,-60.35,40,62,89.86999999999996,1.5
414,hauterive,FR,2020-11-28 12:13:53,46.09,3.45,0,65,44.86999999999996,1.5
415,abha,SA,2020-11-28 12:13:38,18.22,42.51,0,87,61.069999999999965,2.28
416,oranjemund,NA,2020-11-28 12:13:53,-28.55,16.43,1,84,61.32200000000004,8.72
417,luwuk,ID,2020-11-28 12:13:53,-0.95,122.79,80,71,78.85399999999996,1.09
418,najran,SA,2020-11-28 12:13:53,17.49,44.13,0,37,71.86999999999996,0.28
419,sorland,NO,2020-11-28 12:13:54,67.67,12.69,99,76,46.45399999999995,13.49
420,santiago del estero,AR,2020-11-28 12:13:32,-27.8,-64.26,37,37,100.27400000000002,1.34
421,kitimat,CA,2020-11-28 12:13:54,54.05,-128.65,99,96,36.266000000000005,1.43
422,dali,CN,2020-11-28 12:13:54,25.7,100.18,2,72,45.68000000000004,0.82
423,poltavka,RU,2020-11-28 12:13:54,54.37,71.76,100,95,7.808000000000003,4.83
424,arlit,NE,2020-11-28 12:13:55,18.74,7.39,0,21,79.79000000000002,2.31
425,carballo,ES,2020-11-28 12:13:55,43.21,-8.69,100,66,57.272000000000034,2.24
426,tuatapere,NZ,2020-11-28 12:13:55,-46.13,167.68,97,69,55.274000000000015,5.81
427,puerto del rosario,ES,2020-11-28 12:13:55,28.5,-13.86,40,72,68.26999999999995,3.6
428,ust-nera,RU,2020-11-28 12:13:55,64.57,143.2,56,81,-11.955999999999982,1.11
429,teya,RU,2020-11-28 12:13:56,60.38,92.63,100,89,12.848000000000024,1.09
430,alaca,TR,2020-11-28 12:13:56,40.17,34.84,0,69,38.24600000000005,1.04
431,avera,US,2020-11-28 12:13:56,33.19,-82.53,90,58,62.86999999999996,1.5
432,ebebiyin,GQ,2020-11-28 12:13:56,2.15,11.34,44,95,71.02400000000002,1.51
433,catuday,PH,2020-11-28 12:13:57,16.29,119.81,100,80,78.96199999999996,2.81
434,san ignacio,BZ,2020-11-28 12:13:57,17.16,-89.07,40,66,86.26999999999995,3.1
435,tadine,NC,2020-11-28 12:13:57,-21.55,167.88,4,67,73.74199999999999,5.06
436,grand river south east,,,,,,,,
437,port hedland,AU,2020-11-28 12:13:57,-20.32,118.57,0,88,77.26999999999995,0.5
438,umzimvubu,,,,,,,,
439,zharkovskiy,RU,2020-11-28 12:13:58,55.85,32.27,95,97,31.027999999999963,2.37
440,sampit,ID,2020-11-28 12:13:58,-2.53,112.95,98,96,74.89399999999998,1.19
441,changying,CN,2020-11-28 12:13:58,52.87,123.32,70,90,0.19400000000002038,2.06
442,sevsk,RU,2020-11-28 12:13:58,52.15,34.49,100,95,36.51799999999999,3.64
443,rize,TR,2020-11-28 12:14:00,40.9,40.89,10,86,31.55,3.33
444,zhanaozen,KZ,2020-11-28 12:14:00,43.3,52.8,0,88,31.874000000000013,8.03
445,chaska,US,2020-11-28 12:14:00,44.79,-93.6,1,42,51.27799999999996,4.6
446,traralgon,AU,2020-11-28 12:14:00,-38.18,146.53,100,86,63.266000000000005,4.47
447,katangli,RU,2020-11-28 12:14:01,51.71,143.23,100,93,14.899999999999999,5.5
448,constitucion,CL,2020-11-28 12:09:32,-35.33,-72.42,5,64,63.59000000000002,7.64
449,sidi ali,DZ,2020-11-28 12:14:01,36.1,0.42,0,83,56.714000000000034,6.21
450,novyy urengoy,RU,2020-11-28 12:14:01,66.08,76.63,15,92,-2.0379999999999967,4.03
451,nantucket,US,2020-11-28 12:09:05,41.28,-70.1,75,58,53.86999999999996,3.6
452,effingham,US,2020-11-28 12:14:02,32.37,-81.33,90,82,61.069999999999965,3.1
453,krasnoselkup,RU,2020-11-28 12:14:02,65.7,82.47,30,91,-5.224000000000011,3.61
454,zehdenick,DE,2020-11-28 12:14:02,52.98,13.33,32,83,37.274000000000015,1.86
455,yurimaguas,PE,2020-11-28 12:14:02,-5.9,-76.08,75,83,79.06999999999996,1.5
456,turbat,PK,2020-11-28 12:09:53,26,63.04,0,23,69.15199999999999,3.12
457,lisala,CD,2020-11-28 12:11:24,2.15,21.52,98,88,73.04000000000002,1.27
458,wanning,CN,2020-11-28 12:14:03,18.8,110.4,99,79,70.142,7.46
459,gamba,GA,2020-11-28 12:14:03,-2.65,10,100,85,76.69399999999997,1.45
460,irece,BR,2020-11-28 12:14:03,-11.3,-41.86,100,50,79.934,6.51
461,vanavara,RU,2020-11-28 12:14:03,60.34,102.28,100,94,4.4779999999999625,2.13
462,naze,JP,2020-11-28 12:14:03,28.37,129.48,75,59,64.66999999999996,6.2
463,lengshuitan,CN,2020-11-28 12:14:04,26.41,111.6,7,80,42.25999999999998,1.24
464,baglung,NP,2020-11-28 12:14:04,28.27,83.59,0,39,55.25600000000003,2.21
465,winneba,GH,2020-11-28 12:14:04,5.35,-0.62,20,83,82.66999999999996,4.6
466,kozhevnikovo,RU,2020-11-28 12:14:05,56.26,83.97,0,83,3.2720000000000375,1.86
467,henties bay,NA,2020-11-28 12:14:05,-22.12,14.28,0,85,60.27799999999996,1.34
468,biak,ID,2020-11-28 12:14:05,-0.91,122.88,56,74,78.15199999999999,0.75
469,taltal,CL,2020-11-28 12:14:05,-25.4,-70.48,22,55,69.63800000000005,3.38
470,daru,PG,2020-11-28 12:14:05,-9.08,143.21,100,79,78.65600000000003,1.88
471,coquimbo,CL,2020-11-28 12:14:06,-29.95,-71.34,0,72,62.86999999999996,6.7
472,alto piquiri,BR,2020-11-28 12:14:06,-24.03,-53.44,0,32,95.01799999999999,3.18
473,lebedinyy,RU,2020-11-28 12:14:06,58.52,125.52,100,92,-7.9599999999999795,1.99
474,cabedelo,BR,2020-11-28 12:14:06,-6.98,-34.83,20,62,84.46999999999997,6.7
475,krasnogorsk,RU,2020-11-28 12:14:06,55.82,37.32,90,100,34.26799999999999,5
476,dekoa,,,,,,,,
477,koungou,YT,2020-11-28 12:14:07,-12.73,45.2,20,83,80.86999999999996,2.6
478,palu,ID,2020-11-28 12:10:51,-0.89,119.87,100,76,76.17200000000004,1.1
479,kusk,,,,,,,,
480,hambantota,LK,2020-11-28 12:14:07,6.12,81.12,88,85,77.54000000000002,2.42
481,mabaruma,GY,2020-11-28 12:14:08,8.2,-59.78,98,71,83.04800000000003,2.93
482,vaitupu,,,,,,,,
483,el porvenir,HN,2020-11-28 12:14:08,13.76,-87.35,20,50,80.27599999999998,6.2
484,siocon,PH,2020-11-28 12:14:08,7.71,122.14,100,83,78.72799999999997,2.33
485,amarillo,US,2020-11-28 12:14:08,35.22,-101.83,90,99,36.266000000000005,2.6
486,dongtai,CN,2020-11-28 12:14:09,32.85,120.31,29,80,36.98599999999997,2.32
487,chippewa falls,US,2020-11-28 12:14:09,44.94,-91.39,1,39,51.27799999999996,4.1
488,mecca,SA,2020-11-28 12:11:38,21.43,39.83,26,56,73.52599999999998,4.47
489,nizhniy kuranakh,RU,2020-11-28 12:14:10,58.84,125.49,100,90,-2.4879999999999924,1.82
490,cockburn town,TC,2020-11-28 12:09:56,21.46,-71.14,20,61,80.86999999999996,4.1
491,addis zemen,,,,,,,,
492,shingu,JP,2020-11-28 12:14:11,33.73,135.98,5,74,43.898000000000025,2.58
493,santa cruz,BO,2020-11-28 12:12:59,-17.8,-63.17,40,49,91.66999999999996,7.7
494,fevralsk,,,,,,,,
495,manzil tamim,,,,,,,,
496,the pas,CA,2020-11-28 12:14:12,53.83,-101.25,90,79,25.069999999999958,4.6
497,tazovskiy,RU,2020-11-28 12:14:12,67.47,78.7,100,93,0.8419999999999952,5
498,buala,SB,2020-11-28 12:14:13,-8.14,159.59,92,75,82.75999999999999,1.58
499,chifeng,CN,2020-11-28 12:14:13,42.27,118.96,96,85,8.635999999999967,2.69
500,xapuri,BR,2020-11-28 12:14:13,-10.65,-68.5,98,64,86.01799999999999,1.11
501,el retorno,CO,2020-11-28 12:14:14,2.33,-72.63,84,78,83.04800000000003,1.66
502,san jose,US,2020-11-28 12:09:23,37.34,-121.89,0,36,63.266000000000005,1.08
503,sri aman,MY,2020-11-28 12:14:14,1.24,111.46,92,94,73.66999999999996,0.5
504,skibbereen,IE,2020-11-28 12:14:14,51.55,-9.27,90,100,50.26999999999996,4.1
505,cap malheureux,MU,2020-11-28 12:14:14,-19.98,57.61,7,82,71.27599999999998,3.13
506,portland,US,2020-11-28 12:10:10,45.52,-122.68,90,87,44.27599999999999,1.5
507,bocaranga,,,,,,,,
508,pundaguitan,PH,2020-11-28 12:14:15,6.37,126.17,100,78,81.89600000000004,3.71
509,mehamn,NO,2020-11-28 12:14:15,71.04,27.85,100,84,35.27599999999999,6.89
510,qianan,CN,2020-11-28 12:14:15,44.99,124.06,91,89,4.135999999999967,1.9
511,pecos,US,2020-11-28 12:14:16,31.42,-103.49,40,47,55.66999999999996,3.1
512,tyrma,RU,2020-11-28 12:14:16,50.08,132.17,100,92,5.738000000000046,1.19
513,saleilua,,,,,,,,
514,kysyl-syr,RU,2020-11-28 12:14:16,63.9,122.76,97,90,-5.83600000000002,2.95
515,petropavlovsk-kamchatskiy,RU,2020-11-28 12:14:16,53.05,158.65,0,85,12.46999999999996,4
516,karasjok,NO,2020-11-28 12:14:17,69.47,25.51,100,80,30.46999999999996,15.9
517,masunga,BW,2020-11-28 12:14:17,-20.62,27.45,75,69,75.46999999999997,4.6
518,chagda,,,,,,,,
519,vianopolis,BR,2020-11-28 12:14:17,-16.74,-48.52,15,65,78.04399999999998,3.71
520,springfield,US,2020-11-28 12:14:17,37.22,-93.3,1,32,56.26400000000004,1.4
521,yar-sale,RU,2020-11-28 12:14:18,66.83,70.83,100,93,4.7300000000000395,4.81
522,curaca,BR,2020-11-28 12:14:18,-8.99,-39.91,100,38,88.06999999999996,6.74
523,calbuco,CL,2020-11-28 12:14:18,-41.77,-73.13,75,81,52.069999999999965,3.1
524,haibowan,,,,,,,,
525,ramanathapuram,IN,2020-11-28 12:14:18,9.38,78.83,89,84,78.96199999999996,2.86
526,pitimbu,BR,2020-11-28 12:14:19,-7.47,-34.81,20,62,84.46999999999997,6.7
527,kutum,SD,2020-11-28 12:14:19,14.2,24.67,0,31,62.024000000000015,3.57
528,hamilton,US,2020-11-28 12:14:19,39.18,-84.53,1,49,51.27799999999996,1.45
529,thohoyandou,ZA,2020-11-28 12:14:19,-22.95,30.48,0,75,70.88000000000005,1.25
530,susanville,US,2020-11-28 12:13:21,40.42,-120.65,1,48,41.26999999999996,1.5
531,mentok,,,,,,,,
532,caxito,AO,2020-11-28 12:14:20,-8.58,13.66,75,88,77.26999999999995,4.1
533,kamaishi,JP,2020-11-28 12:14:20,39.27,141.88,73,79,36.98599999999997,3.03
534,dzhusaly,,,,,,,,
535,itarema,BR,2020-11-28 12:14:20,-2.92,-39.92,85,68,82.292,8.56
536,narasannapeta,IN,2020-11-28 12:14:21,18.42,84.05,9,70,71.27599999999998,2.79
537,saint-paul,RE,2020-11-28 12:14:21,-21.01,55.27,90,78,73.66999999999996,4.6
538,anadyr,RU,2020-11-28 12:14:21,64.75,177.48,0,84,3.46999999999996,1
539,salina cruz,MX,2020-11-28 12:14:21,16.17,-95.2,57,46,90.5,6.51
540,omboue,GA,2020-11-28 12:14:21,-1.57,9.26,100,87,76.55000000000001,1.82
541,cazaje,,,,,,,,
542,auki,SB,2020-11-28 12:14:22,-8.77,160.7,97,82,80.20399999999995,1.59
543,halifax,CA,2020-11-28 12:13:46,44.65,-63.57,77,97,48.272000000000034,0.45
544,huntsville,US,2020-11-28 12:10:10,34.73,-86.59,1,71,57.272000000000034,3.1
545,barzas,RU,2020-11-28 12:14:22,55.72,86.32,20,84,-0.12999999999998835,1
546,nara,JP,2020-11-28 12:11:11,34.69,135.8,67,78,46.274000000000015,0.77
547,abapo,BO,2020-11-28 12:14:23,-18.83,-63.47,0,30,94.49600000000005,7.06
548,pahrump,US,2020-11-28 12:13:15,36.21,-115.98,0,20,54.266000000000005,1.07
549,honiara,SB,2020-11-28 12:11:47,-9.43,159.95,20,94,75.46999999999997,0.83
550,ranfurly,NZ,2020-11-28 12:13:21,-45.13,170.1,40,78,51.27799999999996,0.45
551,podor,MR,2020-11-28 12:14:24,16.65,-14.96,0,35,84.46999999999997,4.07
552,aberdeen,GB,2020-11-28 12:14:24,57.14,-2.1,0,100,31.261999999999954,1
553,batemans bay,AU,2020-11-28 12:09:45,-35.72,150.18,100,68,71.27599999999998,2.68
554,kavkazskiy,RU,2020-11-28 12:14:24,44.27,42.23,90,100,28.66999999999996,1
555,san isidro,PE,2020-11-28 12:14:24,-12.12,-77.05,20,68,72.26600000000002,5.7
556,camacha,PT,2020-11-28 12:14:25,33.08,-16.33,40,55,61.069999999999965,7.7
557,wewak,PG,2020-11-28 12:14:25,-3.55,143.63,88,85,77.684,3.14
558,xuanhua,CN,2020-11-28 12:13:13,40.61,115.04,72,84,21.23599999999997,1.7
559,gombong,ID,2020-11-28 12:14:25,-7.61,109.51,100,92,65.26400000000004,1.75
560,erzin,TR,2020-11-28 12:14:25,36.96,36.2,84,62,56.26400000000004,2.68
561,tena,EC,2020-11-28 12:14:26,-0.98,-77.82,90,100,66.46999999999997,1.45
562,zarya,RU,2020-11-28 12:14:26,55.76,38.1,90,100,34.26799999999999,3
563,taoudenni,ML,2020-11-28 12:14:26,22.68,-3.98,100,28,64.49000000000002,1.89
564,palmer,US,2020-11-28 12:14:26,42.16,-72.33,75,50,52.069999999999965,5.7
565,mahadday weyne,,,,,,,,
566,luangwa,ZM,2020-11-28 12:14:27,-15.62,30.42,57,52,82.00399999999996,1.91
567,tumannyy,,,,,,,,
568,vicente guerrero,MX,2020-11-28 12:14:27,19.12,-98.17,5,15,77.26999999999995,3.45
569,waipawa,NZ,2020-11-28 12:14:27,-41.41,175.52,100,93,55.66999999999996,8.7
570,rio cuarto,AR,2020-11-28 12:14:27,-33.13,-64.35,20,29,89.86999999999996,7.7
571,huarmey,PE,2020-11-28 12:11:02,-10.07,-78.15,18,62,72.95,5.14
572,vynohradove,UA,2020-11-28 12:14:28,46.37,32.94,90,93,44.86999999999996,2.77
573,ngunguru,NZ,2020-11-28 12:14:28,-35.62,174.5,100,91,55.274000000000015,0.89
574,jiaocheng,CN,2020-11-28 12:14:28,24.68,116.14,47,79,50.21600000000001,1.5
575,karaul,,,,,,,,
576,rio grande,BR,2020-11-28 12:14:29,-32.03,-52.1,75,70,84.46999999999997,9.3
577,idenao,CM,2020-11-28 12:14:29,4.25,9,99,78,78.53000000000004,1.62
578,la joya,MX,2020-11-28 12:14:29,18.67,-99.47,5,34,88.26799999999999,1.5
579,vostok,RU,2020-11-28 12:14:29,46.49,135.88,100,94,2.3000000000000007,1.99
580,beruwala,LK,2020-11-28 12:14:30,6.48,79.98,100,82,78.42200000000004,1.29
581,soyo,AO,2020-11-28 12:14:30,-6.13,12.37,10,84,78.70999999999998,3.71
582,douglas,US,2020-11-28 12:11:16,41.3,-96.17,1,40,59.26999999999996,4.1
583,denpasar,ID,2020-11-28 12:12:21,-8.65,115.22,40,88,80.86999999999996,1
584,pronsk,RU,2020-11-28 12:14:31,54.1,39.61,100,100,35.27599999999999,3.04
585,elko,US,2020-11-28 12:14:32,41,-115.5,1,56,42.27799999999996,1.5
586,gurgan,,,,,,,,
587,utiroa,,,,,,,,
588,pochutla,MX,2020-11-28 12:14:32,15.74,-96.47,40,59,89.86999999999996,3.6
589,leh,IN,2020-11-28 12:14:32,34.17,77.58,87,67,17.41999999999996,1.09
590,srivardhan,IN,2020-11-28 12:14:32,18.03,73.02,68,70,77.66600000000001,2.28
591,puerto escondido,MX,2020-11-28 12:14:33,15.85,-97.07,40,70,84.46999999999997,1.5
592,america dourada,BR,2020-11-28 12:14:33,-11.46,-41.44,98,60,76.58599999999997,5.95
593,turan,VN,2020-11-28 12:10:34,16.07,108.22,75,83,75.46999999999997,4.6
594,skjervoy,NO,2020-11-28 12:14:33,70.03,20.97,100,74,43.627999999999965,4.86
595,ati,TD,2020-11-28 12:14:33,13.22,18.34,0,17,79.28599999999997,4.18
596,kangaatsiaq,GL,2020-11-28 12:14:34,68.31,-53.46,100,86,13.982000000000017,5.94
597,baoding,CN,2020-11-28 12:10:49,38.85,115.49,90,82,28.633999999999993,0.38
598,manakara,MG,2020-11-28 12:14:34,-22.13,48.02,5,92,74.91199999999995,3.02
599,mairana,BO,2020-11-28 12:14:34,-18.12,-63.93,18,55,75.16400000000004,4.21
600,maniitsoq,GL,2020-11-28 12:14:34,65.42,-52.9,100,85,25.808000000000003,5
601,tabou,CI,2020-11-28 12:14:35,4.42,-7.35,2,81,79.84399999999997,2.42
602,bitung,ID,2020-11-28 12:14:35,1.45,125.18,40,100,75.46999999999997,1
603,talcahuano,CL,2020-11-28 12:13:19,-36.72,-73.12,40,52,66.46999999999997,5.7
604,havre-saint-pierre,CA,2020-11-28 12:14:35,50.23,-63.6,90,100,30.46999999999996,1.5
